,PH,ALCOHOL,QUALITY,COUNTRY,PRICE,RATE,YEAR,Rating
0,3.37,9.4,5,Montenegro,83.77,94,1983,5
1,3.39,14.7,4,Montenegro,8.6,48,2007,3
2,3.4,11.0,7,California,134.62,84,1990,5
3,3.15,9.8,5,California,68.64,79,1985,4
4,3.34,14.49,8,Montenegro,9.8,80,1963,4
5,3.59,14.66,8,Montenegro,17.0,85,1977,5
6,3.54,13.6,7,Australia,256.72,53,2000,3
7,3.38,10.1,5,Italy,121.81,23,1999,2
8,3.71,12.2,6,Kazahstan,66.58,2,1987,1
9,3.31,9.3,5,France,177.27,9,1973,1
10,3.32,10.5,6,France,189.09,77,1973,4
11,3.38,11.8,6,Kazahstan,48.9,42,2012,3
12,3.31,10.8,5,Kazahstan,57.17,78,1998,4
13,3.12,11.5,6,Kazahstan,63.22,30,1974,2
14,3.14,10.2,5,Montenegro,68.15,96,2005,5
15,3.13,9.5,5,Montenegro,194.74,17,1966,1
16,3.26,11.2,7,Montenegro,64.22,50,1982,3
17,3.13,9.1,6,Argentina,125.16,14,1993,1
18,3.16,11.1,6,France,122.01,18,2000,1
19,3.37,10.5,5,California,60.71,73,1977,4
20,3.32,10.5,6,Argentina,173.8,96,1987,5
21,3.45,11.3,6,Kazahstan,73.87,85,2005,5
22,3.29,11.5,6,Australia,70.03,38,1986,2
23,3.2,9.4,5,France,159.75,93,2014,5
24,3.44,14.66,4,Montenegro,5.4,44,1995,3
25,3.38,11.9,6,Kazahstan,65.23,52,1989,3
26,3.39,12.8,6,Montenegro,106.45,4,1978,1
27,3.23,12.5,6,Montenegro,103.48,89,1988,5
28,3.29,9.2,6,Argentina,104.2,43,1988,3
29,3.39,10.6,5,Argentina,195.71,47,1970,3
30,3.59,9.8,5,Australia,104.25,21,1972,2
31,3.19,10.0,6,Australia,88.1,47,2012,3
32,3.11,9.52,6,Italy,4.5,68,1993,4
33,3.42,10.2,6,Italy,146.24,63,2007,4
34,3.25,10.5,6,France,193.05,25,2014,2
35,3.36,10.5,6,California,123.61,64,1963,4
36,2.89,10.84,7,Montenegro,8.2,27,1964,2
37,3.14,11.0,5,Montenegro,147.82,26,1984,2
38,3.01,11.8,7,Italy,240.59,32,1992,2
39,3.31,9.7,3,California,178.43,44,1988,3
40,3.36,9.1,5,Argentina,85.63,99,2001,5
41,3.93,14.49,5,Montenegro,24.5,92,2002,5
42,3.9,12.8,6,Italy,196.16,6,1985,1
43,3.48,9.1,5,Italy,118.99,96,1999,5
44,3.27,12.8,6,Argentina,155.21,39,1975,2
45,3.35,11.7,8,Kazahstan,72.27,47,2012,3
46,3.33,12.8,7,Kazahstan,58.59,44,1980,3
47,3.18,9.5,5,France,156.73,69,2001,4
48,3.6,10.3,6,Kazahstan,54.38,26,1983,2
49,3.38,11.0,5,Argentina,74.55,96,1968,5
50,3.42,10.5,5,Australia,120.25,17,1968,1
51,3.28,11.8,7,Italy,244.04,55,2008,3
52,3.22,12.0,6,Montenegro,146.97,58,1965,3
53,4.0,12.1,5,Montenegro,294.39,47,2004,3
54,3.38,10.9,4,Argentina,10.64,52,1961,3
55,3.4,10.1,5,Montenegro,62.49,58,1987,3
56,3.98,13.84,5,Australia,572.03,95,1968,5
57,3.45,9.4,6,Australia,182.0,50,1966,3
58,3.38,9.5,6,Montenegro,104.67,10,2012,1
59,3.45,11.5,6,Montenegro,116.59,66,1977,4
60,3.6,9.9,5,Kazahstan,55.11,46,1990,3
61,3.28,14.49,3,Montenegro,20.0,84,1981,5
62,3.35,9.5,5,France,117.4,86,1979,5
63,3.12,10.6,7,Montenegro,55.7,45,2008,3
64,3.27,11.7,7,Kazahstan,45.8,10,1988,1
65,3.2,10.8,7,Argentina,198.14,54,1995,3
66,3.04,9.5,6,Argentina,117.31,1,2009,1
67,3.11,9.3,5,France,53.65,89,1997,5
68,3.69,9.4,6,Montenegro,88.72,63,1993,4
69,3.36,9.4,6,France,169.78,49,1982,3
70,3.26,9.3,5,France,104.4,87,1976,5
71,3.27,9.3,6,Montenegro,76.73,20,2006,1
72,3.17,12.5,6,Italy,102.29,71,1997,4
73,3.36,12.4,7,Montenegro,142.57,63,1994,4
74,4.0,13.2,6,Australia,480.8,56,1969,3
75,3.26,11.7,7,France,123.64,19,1999,1
76,3.45,9.4,5,Italy,78.85,68,2011,4
77,3.38,9.5,5,France,128.47,36,1995,2
78,3.29,9.5,5,Montenegro,172.75,59,1993,3
79,2.81,8.7,3,Montenegro,2.0,40,1996,2
80,3.33,9.4,5,France,190.58,31,2014,2
81,3.53,14.34,3,Montenegro,14.0,89,1997,5
82,2.96,14.18,7,Montenegro,2.5,63,1992,4
83,2.78,14.39,3,Montenegro,7.0,88,1997,5
84,3.22,13.4,8,France,153.66,92,1967,5
85,3.0,9.3,6,Kazahstan,75.38,77,1997,4
86,3.27,9.3,5,Montenegro,148.15,92,1983,5
87,3.34,9.5,5,Argentina,111.93,82,2009,5
88,3.1,9.4,5,Kazahstan,64.5,88,1962,5
89,3.39,10.0,7,Australia,204.87,55,2007,3
90,3.31,9.2,6,Argentina,137.59,15,1980,1
91,3.26,10.2,6,Kazahstan,60.28,7,1965,1
92,3.48,9.6,5,Argentina,117.66,79,2008,4
93,3.24,10.3,5,Australia,111.32,71,1988,4
94,3.68,13.6,7,Argentina,89.36,4,1990,1
95,3.41,9.7,5,Australia,109.11,18,1978,1
96,3.72,11.4,5,Australia,140.15,43,1993,3
97,3.24,10.6,6,Montenegro,73.62,5,1984,1
98,3.36,11.2,5,California,21.92,13,2008,1
99,3.3,9.6,5,California,52.56,66,2014,4
100,3.39,9.4,5,France,94.87,20,2006,1
101,3.51,11.7,7,France,57.99,40,2012,2
102,3.28,9.3,5,California,140.61,92,1974,5
103,3.35,12.4,6,Montenegro,69.15,44,2011,3
104,3.16,9.8,5,Argentina,60.07,32,1997,2
105,3.3,9.6,4,Montenegro,19.23,11,2012,1
106,3.77,13.05,7,Italy,113.53,60,1981,3
107,3.36,10.4,6,Australia,103.82,32,2008,2
108,3.22,13.0,7,Kazahstan,58.8,97,1990,5
109,3.3,9.8,6,Kazahstan,55.15,12,2003,1
110,3.21,10.9,6,France,111.86,31,1995,2
111,3.54,11.3,5,Argentina,136.9,86,1986,5
112,3.2,9.8,5,Italy,157.18,73,2006,4
113,3.92,14.64,6,Montenegro,24.5,58,1970,3
114,2.84,14.06,3,Montenegro,16.0,32,1980,2
115,3.16,9.8,5,Kazahstan,56.03,55,1980,3
116,3.27,11.0,6,Italy,109.44,96,1969,5
117,3.61,11.5,6,Australia,50.06,96,1985,5
118,3.22,11.4,6,Kazahstan,50.65,42,1994,3
119,3.54,10.7,6,Australia,186.21,47,1964,3
120,3.28,9.5,6,Australia,192.63,0,2013,Other
121,3.1,10.8,6,Australia,135.74,37,2006,2
122,3.6,10.2,5,Australia,106.05,14,1960,1
123,3.1,9.2,5,Italy,154.65,44,1966,3
124,3.35,9.7,5,Argentina,134.33,68,1960,4
125,3.26,9.6,5,Argentina,111.93,25,1966,2
126,3.15,12.1,7,Kazahstan,54.3,78,1982,4
127,3.45,11.5,6,France,144.47,44,1973,3
128,3.38,9.6,4,Montenegro,160.7,87,1971,5
129,3.99,14.59,6,Montenegro,5.1,90,2013,5
130,3.15,9.8,5,Argentina,189.09,65,1963,4
131,3.23,12.0,6,Montenegro,183.81,5,1978,1
132,3.32,9.4,5,California,190.85,58,1989,3
133,3.09,9.7,6,Australia,177.63,60,2011,3
134,3.63,10.7,3,Australia,100.48,100,1980,5
135,3.4,9.5,5,Kazahstan,61.44,67,1992,4
136,3.51,9.5,5,France,185.96,70,1964,4
137,2.85,14.12,4,Montenegro,23.5,67,1962,4
138,3.26,9.3,5,California,164.73,80,1960,4
139,3.33,9.7,6,California,181.91,67,1998,4
140,3.31,10.7,6,California,164.38,19,1967,1
141,3.72,14.27,3,Montenegro,6.9,92,1980,5
142,3.51,9.4,5,Italy,110.01,39,1989,2
143,3.07,10.3,6,Italy,105.19,31,1974,2
144,3.21,9.5,6,Kazahstan,64.38,46,2012,3
145,3.3,9.8,6,Italy,81.57,52,2012,3
146,3.22,10.3,6,Montenegro,131.05,60,1975,3
147,3.2,9.5,5,Australia,126.71,14,1966,1
148,3.48,9.8,5,Italy,85.56,67,1980,4
149,3.56,10.6,6,France,147.7,74,1981,4
150,3.97,11.42,6,Argentina,528.75,35,1963,2
151,3.18,10.3,6,Kazahstan,58.26,12,1975,1
152,3.77,14.44,7,Montenegro,20.0,48,1967,3
153,3.29,9.2,6,California,181.01,45,2009,3
154,3.23,10.0,8,Kazahstan,48.95,1,1995,1
155,2.93,9.8,5,California,195.44,5,1978,1
156,3.49,13.6,6,Montenegro,62.89,58,2004,3
157,3.14,11.5,7,Montenegro,163.18,18,2006,1
158,3.22,9.4,5,California,81.21,0,1966,Other
159,3.39,10.0,5,Montenegro,150.83,84,1981,5
160,3.55,9.5,5,California,193.3,84,1969,5
161,3.16,9.2,6,Italy,67.27,86,1991,5
162,3.72,14.0,8,Argentina,111.82,75,2002,4
163,3.44,11.4,4,France,122.14,48,1999,3
164,3.58,12.3,7,Australia,201.8,98,2000,5
165,3.32,9.6,6,Australia,91.15,92,1972,5
166,3.28,10.1,6,Kazahstan,64.24,47,1960,3
167,3.54,10.7,6,Argentina,114.33,98,1998,5
168,3.3,9.0,6,France,871.77,95,1987,5
169,3.37,10.3,6,Montenegro,70.6,29,1961,2
170,3.56,11.1,6,Australia,52.34,74,2006,4
171,3.39,9.4,5,California,106.82,22,1996,2
172,3.39,9.4,5,Montenegro,86.73,10,1966,1
173,3.48,11.5,6,Argentina,102.45,100,1985,5
174,3.34,11.6,6,Argentina,118.08,67,1975,4
175,3.14,9.5,5,Kazahstan,73.82,37,1968,2
176,3.34,9.7,4,Argentina,44.61,38,1990,2
177,3.52,10.2,7,Kazahstan,49.0,94,1970,5
178,3.37,9.7,5,Montenegro,63.89,28,2004,2
179,3.02,9.5,5,Italy,58.29,93,1960,5
180,3.44,9.25,8,Montenegro,8.7,70,1977,4
181,3.34,11.4,6,Kazahstan,53.67,26,1977,2
182,3.23,10.0,5,California,122.26,30,1978,2
183,3.1,10.4,5,California,82.68,53,1997,3
184,3.5,9.3,6,France,178.82,57,1965,3
185,3.57,12.5,7,California,77.69,1,2005,1
186,3.56,14.39,5,Montenegro,6.0,81,1985,5
187,3.05,11.5,7,Italy,229.5,46,1973,3
188,3.31,10.5,6,Montenegro,53.64,37,1983,2
189,3.34,12.2,7,Kazahstan,58.93,57,1961,3
190,3.3,10.4,6,Australia,189.23,44,1976,3
191,3.34,9.2,6,Montenegro,188.92,34,1965,2
192,3.39,10.5,5,Australia,67.14,30,1976,2
193,3.26,11.7,7,Argentina,75.25,86,2014,5
194,3.31,9.8,5,Argentina,109.13,37,1968,2
195,3.34,10.0,5,Australia,141.77,70,1982,4
196,3.5,11.0,4,Argentina,41.85,32,1974,2
197,3.27,9.4,6,Kazahstan,68.09,12,1974,1
198,3.06,10.0,6,Kazahstan,74.97,31,2010,2
199,3.22,11.7,6,France,168.32,32,1999,2
200,3.34,11.2,6,France,120.55,59,1977,3
201,3.41,14.87,5,Montenegro,20.0,34,2005,2
202,3.94,14.81,8,Montenegro,8.4,49,2006,3
203,3.59,9.8,5,California,66.94,49,2009,3
204,3.15,9.9,5,Montenegro,100.84,84,1982,5
205,3.32,9.6,6,Italy,167.7,1,1984,1
206,3.07,10.0,7,Argentina,198.44,24,1987,2
207,3.13,11.9,7,Montenegro,85.6,87,1967,5
208,3.16,9.5,5,Australia,110.78,92,2003,5
209,3.18,9.5,5,Argentina,70.55,47,1962,3
210,3.52,9.3,6,Australia,84.34,25,1984,2
211,3.05,9.6,4,California,78.48,55,1996,3
212,3.24,11.2,6,Italy,114.17,54,1965,3
213,3.21,9.5,6,California,110.43,88,1996,5
214,3.36,10.1,5,Argentina,111.77,73,1988,4
215,3.48,11.4,6,Montenegro,101.15,15,1965,1
216,3.34,10.0,5,Kazahstan,62.41,67,2014,4
217,3.55,9.8,5,Italy,93.79,71,1989,4
218,3.86,14.86,5,Montenegro,24.0,6,1965,1
219,3.39,10.9,5,Italy,141.09,72,2000,4
220,3.17,10.0,6,California,64.1,17,1964,1
221,3.5,14.65,4,Montenegro,8.0,25,2006,2
222,3.43,11.1,6,Kazahstan,53.1,8,1991,1
223,3.39,11.8,6,France,185.8,83,1986,5
224,3.42,10.6,6,California,109.23,87,1961,5
225,2.94,9.5,5,France,170.8,11,2003,1
226,3.23,14.87,6,Montenegro,8.0,89,2009,5
227,3.52,12.4,7,Montenegro,72.99,66,2006,4
228,3.29,9.8,5,Argentina,166.03,15,2006,1
229,3.37,9.0,6,Argentina,94.65,54,2000,3
230,3.24,9.7,5,Kazahstan,62.64,16,1985,1
231,3.47,11.0,7,France,77.27,79,1962,4
232,3.38,10.7,6,California,142.21,82,2012,5
233,2.77,12.7,3,Italy,8.0,57,2007,3
234,3.34,9.5,5,France,156.04,18,1989,1
235,3.42,11.1,6,Italy,171.87,92,1965,5
236,3.21,9.5,5,Argentina,128.11,72,2014,4
237,3.02,9.3,5,California,180.84,9,1984,1
238,3.29,10.9,6,Kazahstan,55.96,14,1980,1
239,3.1,9.3,5,Australia,100.31,42,1973,3
240,3.2,12.2,6,Australia,188.12,2,1975,1
241,3.36,10.7,6,Australia,189.54,100,2003,5
242,3.21,10.5,6,Australia,132.38,96,2003,5
243,3.27,9.6,5,Argentina,148.88,18,1982,1
244,3.26,10.2,6,Kazahstan,68.58,99,1972,5
245,3.14,9.8,6,Montenegro,188.19,46,1962,3
246,3.2,10.2,7,France,136.78,82,2004,5
247,3.35,11.3,6,Montenegro,134.94,18,1965,1
248,3.53,10.9,4,France,28.05,63,1987,4
249,3.37,14.56,3,Montenegro,7.9,52,2009,3
250,3.44,11.5,7,Kazahstan,62.53,65,1971,4
251,3.42,10.6,5,Argentina,106.59,31,2003,2
252,3.74,14.44,4,Montenegro,5.3,74,1982,4
253,3.71,12.8,7,Italy,243.57,78,1991,4
254,3.01,12.3,7,France,107.65,35,1984,2
255,3.19,9.4,5,Montenegro,154.72,65,1993,4
256,3.19,14.83,7,Montenegro,8.2,52,1970,3
257,3.73,14.09,5,Montenegro,12.0,34,1990,2
258,3.25,9.9,7,Kazahstan,50.3,62,1973,4
259,3.18,10.8,7,Argentina,193.57,55,1983,3
260,3.47,10.9,6,Kazahstan,55.65,45,1974,3
261,3.02,10.9,7,Italy,232.67,86,1986,5
262,3.31,9.5,6,Italy,111.63,81,1976,5
263,3.25,10.0,5,Italy,150.92,30,1984,2
264,3.35,12.0,6,Italy,194.6,99,2013,5
265,3.37,9.0,6,Australia,125.97,94,2000,5
266,3.89,14.33,7,Montenegro,8.6,58,1985,3
267,3.17,11.2,6,Montenegro,104.45,44,1968,3
268,3.35,9.7,6,California,192.02,27,2000,2
269,3.43,9.7,6,Montenegro,166.25,62,2009,4
270,3.58,9.8,5,Italy,197.19,11,1969,1
271,3.56,9.8,5,Montenegro,2.5,92,2009,5
272,3.02,9.9,7,Italy,276.95,32,2005,2
273,3.37,10.3,5,Argentina,130.54,8,1978,1
274,3.28,10.1,6,Montenegro,101.45,74,2001,4
275,3.17,11.2,7,France,165.89,49,2002,3
276,3.56,9.4,5,Kazahstan,72.75,40,1997,2
277,3.35,9.4,6,Australia,95.2,49,1969,3
278,3.14,14.17,3,Montenegro,18.5,0,1993,Other
279,3.35,12.0,6,Australia,109.96,28,1992,2
280,3.24,10.4,5,Australia,83.22,93,1978,5
281,2.95,14.02,8,Montenegro,9.1,77,2008,4
282,3.3,10.8,6,Argentina,137.8,51,1994,3
283,3.9,13.1,4,Kazahstan,19.2,47,1998,3
284,3.58,12.5,6,Australia,189.99,80,1985,4
285,3.58,12.5,6,Montenegro,88.08,43,1991,3
286,2.82,14.03,6,Montenegro,14.5,65,1962,4
287,3.3,10.5,7,Kazahstan,663.69,30,1970,2
288,2.88,9.7,5,Italy,82.49,26,1965,2
289,3.32,11.07,6,Australia,84.05,32,2004,2
290,3.19,9.6,5,California,141.41,3,1975,1
291,2.87,14.88,7,Montenegro,9.7,14,2007,1
292,3.17,10.0,5,Kazahstan,34.48,75,2002,4
293,3.28,11.3,7,Italy,222.81,8,1979,1
294,3.42,10.7,6,California,97.26,44,1983,3
295,3.22,10.0,6,Montenegro,117.73,25,1997,2
296,3.27,9.4,5,Australia,184.42,24,1981,2
297,3.3,9.8,5,California,95.1,27,1962,2
298,3.58,14.42,3,Montenegro,7.0,29,1971,2
299,3.38,11.6,7,Australia,176.75,2,1988,1
300,3.28,9.5,5,Montenegro,133.52,47,1961,3
301,3.96,10.11,6,California,645.4,59,1996,3
302,4.0,14.63,7,California,12.43,80,1969,4
303,3.32,9.0,6,Montenegro,123.37,40,1976,2
304,3.35,10.0,5,Australia,180.2,19,2011,1
305,3.22,13.0,5,Australia,59.22,68,1972,4
306,3.31,10.5,7,Australia,194.13,96,2002,5
307,3.34,10.5,5,Kazahstan,61.99,55,1967,3
308,3.3,10.3,5,France,105.66,17,1998,1
309,3.27,11.0,6,Italy,55.33,65,1986,4
310,3.44,11.5,5,Italy,196.98,9,1971,1
311,3.27,14.75,8,Montenegro,7.8,11,1995,1
312,3.3,10.1,5,Montenegro,71.19,25,2000,2
313,4.0,14.11,5,California,571.37,11,1994,1
314,3.4,9.5,5,Italy,101.63,97,1992,5
315,3.11,14.3,5,Montenegro,7.9,70,1986,4
316,3.3,9.9,5,Australia,104.94,44,1995,3
317,3.39,9.5,5,Argentina,188.27,92,1990,5
318,3.33,10.5,5,France,83.97,42,2012,3
319,3.34,10.5,5,Montenegro,46.2,87,1961,5
320,3.42,10.0,7,Australia,295.58,59,1976,3
321,3.3,9.6,6,California,58.84,30,1994,2
322,3.3,9.52,8,Italy,5.2,97,2007,5
323,3.26,11.0,6,Kazahstan,57.79,68,1963,4
324,3.2,10.2,6,Australia,95.31,31,1974,2
325,3.22,9.4,6,Australia,62.66,62,2011,4
326,3.41,10.9,5,California,91.3,51,2013,3
327,3.14,11.4,5,Argentina,114.28,10,1994,1
328,3.12,11.8,7,Italy,334.65,86,2007,5
329,2.96,14.11,4,Montenegro,13.0,53,1969,3
330,3.29,9.3,5,France,136.07,26,1965,2
331,3.44,10.55,7,Kazahstan,58.99,63,1986,4
332,3.37,9.0,6,Australia,133.82,88,2013,5
333,3.56,14.15,3,Montenegro,8.0,21,1974,2
334,3.69,10.5,5,France,144.3,34,1996,2
335,3.52,14.07,7,Montenegro,6.5,12,1971,1
336,3.34,11.7,7,Montenegro,128.06,63,2005,4
337,3.13,10.0,5,Italy,127.27,80,1971,4
338,3.9,14.03,4,Montenegro,21.5,58,1985,3
339,3.43,12.6,5,Argentina,11.42,72,1982,4
340,3.02,14.44,6,Montenegro,6.5,43,1975,3
341,3.36,10.9,5,France,88.28,86,1986,5
342,3.58,10.2,5,Australia,125.59,35,1977,2
343,3.29,10.8,6,Australia,142.88,42,1970,3
344,3.2,10.8,7,Australia,286.13,10,1995,1
345,3.26,9.8,6,Australia,191.69,67,1962,4
346,2.83,14.0,4,Montenegro,22.5,58,2001,3
347,3.15,9.4,5,Montenegro,131.69,87,2012,5
348,3.41,9.2,6,Montenegro,113.42,10,2003,1
349,3.26,9.6,6,Montenegro,199.28,30,1988,2
350,2.98,9.4,5,Australia,96.66,96,2006,5
351,3.2,9.3,5,Montenegro,112.82,47,2012,3
352,3.52,12.3,7,Italy,333.94,69,2004,4
353,3.99,8.83,7,Kazahstan,566.45,33,2009,2
354,3.18,13.0,5,Argentina,64.94,30,1970,2
355,3.56,14.41,7,Montenegro,5.9,28,1967,2
356,3.18,11.2,5,Kazahstan,67.36,11,1980,1
357,3.59,10.0,4,France,8.18,62,1963,4
358,3.43,10.8,6,Argentina,170.65,7,1991,1
359,3.13,9.6,5,Argentina,65.79,23,1965,2
360,3.63,13.0,5,Montenegro,110.18,83,2001,5
361,3.41,10.3,6,Montenegro,85.17,38,1975,2
362,2.86,14.63,5,Montenegro,9.5,69,1982,4
363,3.99,10.36,5,California,369.14,91,1963,5
364,3.28,10.0,6,Australia,22.22,31,1985,2
365,3.28,11.5,5,California,141.27,6,2011,1
366,3.8,14.27,7,Montenegro,9.3,26,2002,2
367,3.3,10.0,7,Montenegro,162.87,65,1979,4
368,3.3,10.1,5,Montenegro,62.79,20,1993,1
369,3.47,9.5,6,Argentina,192.82,5,1990,1
370,3.87,11.57,6,Argentina,287.05,90,1995,5
371,3.32,9.3,5,Kazahstan,67.61,97,1971,5
372,3.37,9.0,4,Italy,73.84,79,1975,4
373,3.2,9.7,6,Kazahstan,66.57,93,1998,5
374,3.58,10.8,7,Argentina,112.39,33,1973,2
375,3.23,13.2,6,California,77.82,11,1990,1
376,3.22,11.2,5,Montenegro,90.53,49,1969,3
377,3.47,9.4,5,Italy,78.69,9,1993,1
378,3.26,10.6,5,Montenegro,113.68,41,1995,3
379,3.95,14.46,3,Montenegro,9.0,92,2006,5
380,3.29,9.2,5,Australia,176.48,90,1983,5
381,3.04,10.1,5,Kazahstan,69.89,37,1981,2
382,3.46,9.3,5,Australia,189.74,84,2002,5
383,3.34,9.6,6,Argentina,109.56,7,1964,1
384,3.28,10.0,6,Kazahstan,66.89,54,2008,3
385,3.35,10.0,5,Kazahstan,63.59,58,1992,3
386,3.1,10.4,6,Italy,121.17,73,1990,4
387,3.17,9.2,5,California,194.97,14,1993,1
388,3.92,14.44,3,Montenegro,6.9,87,1977,5
389,3.5,11.9,6,Australia,156.41,11,1999,1
390,3.3,9.6,5,Montenegro,156.21,58,2010,3
391,3.09,9.3,5,California,84.71,74,1970,4
392,3.18,9.0,6,Montenegro,70.92,34,1996,2
393,3.55,10.9,6,Montenegro,154.54,84,1990,5
394,3.26,9.8,5,Italy,150.77,98,2002,5
395,3.74,14.9,6,Montenegro,21.0,30,1967,2
396,3.25,10.0,6,Montenegro,154.27,41,1991,3
397,3.3,9.4,5,Montenegro,117.93,10,2011,1
398,3.37,10.1,6,Montenegro,160.82,58,1999,3
399,3.28,12.0,4,Kazahstan,12.51,56,1970,3
400,3.68,14.0,6,France,58.59,28,2009,2
401,3.27,12.3,6,Australia,110.18,80,1980,4
402,3.95,13.97,7,France,719.07,33,2002,2
403,3.69,14.59,5,Montenegro,8.8,81,1982,5
404,3.33,12.2,6,France,96.0,96,1963,5
405,3.22,10.1,5,Australia,72.39,11,2001,1
406,3.31,9.55,6,Kazahstan,66.08,51,2011,3
407,3.59,9.3,6,Argentina,63.04,38,1984,2
408,3.38,9.8,6,Italy,123.1,47,1986,3
409,3.33,9.5,5,Italy,65.46,34,2000,2
410,3.22,12.2,6,Italy,138.14,17,1982,1
411,3.09,11.8,7,Montenegro,151.54,34,1983,2
412,3.23,9.5,5,France,132.9,51,1969,3
413,3.18,9.5,5,California,158.76,6,1993,1
414,3.29,10.0,5,Montenegro,90.58,57,1990,3
415,2.92,14.62,8,Montenegro,23.5,30,1997,2
416,3.31,10.1,6,Italy,78.63,9,1971,1
417,3.55,12.1,5,California,76.73,78,1971,4
418,3.33,9.5,6,Argentina,31.77,36,2005,2
419,3.18,11.1,7,California,101.11,87,1995,5
420,3.34,9.2,6,France,181.31,67,1989,4
421,3.12,9.3,6,Kazahstan,52.46,88,1991,5
422,3.36,11.0,5,California,70.78,53,2012,3
423,3.98,10.6,5,France,518.17,12,2014,1
424,3.23,9.4,5,Kazahstan,47.91,60,1990,3
425,3.39,9.8,5,France,178.51,61,2001,4
426,3.91,12.42,7,Montenegro,455.65,28,2013,2
427,2.92,11.1,5,Montenegro,77.16,38,1972,2
428,3.15,10.5,5,Argentina,188.35,29,1991,2
429,3.47,10.2,6,Italy,158.95,97,1962,5
430,3.12,12.0,6,Argentina,83.17,48,1991,3
431,3.38,10.3,6,Kazahstan,74.43,56,1972,3
432,3.53,9.7,5,Italy,50.66,19,1965,1
433,3.22,9.9,6,Montenegro,133.08,57,2014,3
434,3.15,9.8,5,Montenegro,165.57,17,1984,1
435,3.45,9.8,5,Argentina,54.56,75,1967,4
436,3.53,9.5,5,France,190.22,37,1978,2
437,3.62,9.9,5,Kazahstan,53.81,41,1993,3
438,3.25,9.4,5,Italy,109.83,29,2003,2
439,3.02,9.9,7,Montenegro,125.88,35,2013,2
440,3.21,10.0,5,Argentina,134.15,17,1985,1
441,3.14,10.9,6,Argentina,12.02,42,1977,3
442,3.26,9.1,5,France,76.97,87,1982,5
443,3.3,10.4,6,Kazahstan,66.07,54,1970,3
444,3.12,10.0,5,Montenegro,190.96,46,1974,3
445,3.19,12.5,7,Montenegro,164.37,3,1971,1
446,3.17,9.8,5,Australia,96.55,64,1996,4
447,3.92,14.1,3,Montenegro,9.3,86,1967,5
448,2.88,14.33,6,Montenegro,8.5,68,1967,4
449,3.35,11.4,6,France,45.33,0,1974,Other
450,3.26,11.0,5,France,62.47,66,1987,4
451,3.4,12.5,7,France,121.32,99,1973,5
452,2.89,9.6,5,Argentina,169.46,87,2006,5
453,2.79,14.66,7,Montenegro,24.5,73,1968,4
454,3.58,14.08,3,Montenegro,7.1,87,1985,5
455,3.12,9.5,6,Kazahstan,43.83,71,2013,4
456,3.27,9.3,6,Australia,75.17,1,1962,1
457,3.38,10.1,6,France,153.6,38,1967,2
458,3.46,14.86,3,Montenegro,20.0,64,1996,4
459,3.47,9.9,5,California,54.6,93,1972,5
460,3.34,9.4,6,Montenegro,61.22,20,1993,1
461,3.36,9.4,5,California,193.09,51,2008,3
462,3.28,9.8,5,Australia,135.55,24,1984,2
463,3.41,10.1,6,Italy,98.56,63,1986,4
464,3.21,9.9,6,Kazahstan,47.83,19,2012,1
465,3.14,9.7,5,Montenegro,110.59,23,1998,2
466,3.33,10.9,6,California,75.28,11,1994,1
467,3.16,11.5,6,Argentina,138.39,94,1994,5
468,3.15,11.0,8,Kazahstan,56.61,22,1998,2
469,3.36,10.5,6,Italy,63.46,43,2013,3
470,3.3,11.4,6,Kazahstan,56.02,29,1973,2
471,3.25,10.8,7,Montenegro,156.1,10,2009,1
472,3.18,10.1,6,California,41.48,93,1982,5
473,3.98,14.57,5,Montenegro,5.3,64,1963,4
474,3.44,11.3,6,Kazahstan,65.84,65,2012,4
475,3.3,9.6,4,Australia,64.78,83,1964,5
476,3.29,10.4,5,Montenegro,187.53,78,1997,4
477,4.0,11.77,5,Kazahstan,338.97,22,2002,2
478,3.38,10.1,6,Australia,92.06,97,1976,5
479,3.18,9.5,6,Argentina,112.43,86,1977,5
480,3.52,12.2,5,Australia,87.49,87,1997,5
481,3.26,10.7,6,Italy,175.85,16,1999,1
482,3.21,11.6,6,California,93.15,28,1993,2
483,3.9,14.39,4,Montenegro,6.4,67,1992,4
484,3.85,12.9,6,Argentina,83.26,41,1980,3
485,3.5,9.8,5,Argentina,92.28,17,1987,1
486,3.48,9.3,5,Italy,97.09,3,1993,1
487,3.13,10.4,5,France,178.84,74,2002,4
488,3.33,11.8,7,Italy,277.97,35,2014,2
489,3.23,9.7,7,Australia,188.46,38,1965,2
490,3.24,10.5,5,Italy,110.53,45,2006,3
491,3.22,9.5,6,Italy,107.2,32,2004,2
492,3.27,12.1,7,Argentina,97.3,9,1974,1
493,3.99,14.06,6,Montenegro,6.4,26,1995,2
494,3.48,11.6,6,Australia,129.42,8,1964,1
495,3.58,10.5,6,Australia,141.7,99,1963,5
496,3.45,9.5,6,Italy,199.34,82,1997,5
497,3.36,14.82,4,Montenegro,23.5,81,1985,5
498,3.22,9.7,5,Australia,58.52,94,1971,5
499,3.15,11.7,8,Montenegro,121.47,55,1967,3
500,3.38,9.5,7,Argentina,154.46,39,1973,2
501,3.37,11.2,7,Montenegro,177.48,99,1993,5
502,3.35,12.1,6,California,113.33,0,1971,Other
503,2.93,9.9,6,Argentina,111.95,96,1976,5
504,3.41,10.8,7,California,143.04,70,1993,4
505,3.16,9.4,5,Argentina,64.55,34,2010,2
506,4.0,12.93,7,France,25.41,75,2000,4
507,3.31,10.3,5,France,106.12,22,1985,2
508,3.34,9.2,5,Montenegro,103.55,11,1996,1
509,3.43,10.1,5,France,181.21,10,1985,1
510,3.41,12.1,6,Australia,125.84,14,1967,1
511,3.7,14.44,4,Montenegro,15.0,98,2007,5
512,3.2,12.0,7,France,147.32,37,1995,2
513,3.28,11.8,6,France,130.52,80,1997,4
514,3.07,10.4,4,Argentina,76.58,50,1981,3
515,3.38,11.3,6,Australia,152.27,12,2008,1
516,3.26,9.5,5,France,76.82,68,2014,4
517,3.09,11.0,5,Kazahstan,50.35,28,1986,2
518,3.17,9.5,5,Argentina,133.08,35,1984,2
519,3.91,14.24,8,Montenegro,17.0,25,1970,2
520,2.86,14.33,8,Montenegro,10.0,51,1981,3
521,3.88,11.49,6,Kazahstan,608.32,7,2009,1
522,3.41,10.8,7,Kazahstan,59.57,30,1999,2
523,3.93,9.33,5,Australia,299.52,40,1985,2
524,3.32,11.4,6,California,67.28,74,1980,4
525,3.42,10.5,5,Australia,67.77,52,1970,3
526,3.22,11.8,6,Kazahstan,63.36,80,1966,4
527,3.38,9.9,3,France,71.38,37,1970,2
528,3.25,10.2,6,Australia,95.44,7,1973,1
529,3.58,14.51,7,Montenegro,7.5,59,2007,3
530,3.6,9.8,4,Argentina,40.7,2,1977,1
531,3.4,9.8,6,California,95.91,49,2006,3
532,3.21,11.3,6,France,77.44,37,1961,2
533,3.72,14.02,7,Montenegro,7.5,44,1961,3
534,3.34,9.4,5,Kazahstan,55.34,14,1996,1
535,3.3,9.8,5,Kazahstan,75.46,71,1980,4
536,3.12,10.0,6,Montenegro,178.06,19,1993,1
537,3.51,11.4,4,Montenegro,15.49,8,2014,1
538,3.39,10.6,6,Kazahstan,55.75,51,1971,3
539,4.0,14.37,5,Kazahstan,501.25,71,1982,4
540,3.18,9.4,5,Montenegro,164.99,78,1964,4
541,3.35,10.8,6,California,123.87,71,1994,4
542,3.28,9.6,5,California,49.43,82,2009,5
543,3.29,11.5,6,Australia,180.95,31,2004,2
544,3.28,11.1,5,California,46.41,32,1995,2
545,3.23,12.0,6,California,150.84,66,1974,4
546,3.41,10.8,5,California,98.12,6,2008,1
547,3.8,14.63,3,Montenegro,17.5,91,1981,5
548,3.26,9.9,6,France,150.46,86,1964,5
549,3.1,9.0,6,Italy,66.84,93,2009,5
550,3.78,13.14,3,Montenegro,17.0,8,1973,1
551,3.19,10.0,6,Montenegro,56.5,9,2011,1
552,4.0,13.26,5,California,648.94,38,1963,2
553,3.36,10.1,5,Kazahstan,52.0,65,1974,4
554,3.37,9.5,5,Kazahstan,42.55,52,1996,3
555,3.23,9.5,5,Montenegro,134.12,95,1961,5
556,2.79,14.19,7,Montenegro,12.5,81,2009,5
557,3.29,9.2,6,Australia,123.11,42,1997,3
558,3.23,9.2,5,Argentina,179.17,42,2000,3
559,3.21,11.0,6,Argentina,82.82,98,1965,5
560,3.27,12.4,7,Italy,277.34,52,1974,3
561,4.0,11.82,5,Italy,82.05,65,1965,4
562,3.14,11.8,7,Australia,174.14,27,1995,2
563,3.48,11.0,3,Kazahstan,15.99,14,1982,1
564,3.38,9.5,5,Kazahstan,58.28,34,1972,2
565,3.16,8.8,5,Montenegro,108.89,58,2006,3
566,3.55,14.75,8,Montenegro,7.0,32,1998,2
567,3.39,9.5,5,Australia,167.18,5,1961,1
568,3.42,11.0,6,Kazahstan,63.31,8,2003,1
569,3.17,12.0,7,Argentina,81.02,14,1977,1
570,3.5,9.9,6,California,114.32,76,2010,4
571,2.9,9.1,6,Kazahstan,44.88,72,1997,4
572,3.4,11.2,6,California,187.4,29,1975,2
573,3.26,9.7,5,Italy,44.58,63,1978,4
574,3.44,9.4,5,Argentina,107.71,55,1975,3
575,3.38,9.0,4,Kazahstan,16.5,52,1974,3
576,3.38,10.3,6,California,188.59,23,1973,2
577,3.14,10.4,5,Argentina,78.37,3,1978,1
578,3.15,9.9,6,France,193.64,97,1977,5
579,3.0,9.3,5,France,159.36,14,1995,1
580,3.19,9.6,5,Kazahstan,76.37,17,1970,1
581,3.3,9.0,6,France,140.77,12,1996,1
582,3.43,10.0,5,France,100.11,10,1999,1
583,3.13,9.5,5,California,142.54,11,1963,1
584,3.3,10.4,6,Italy,76.06,14,1980,1
585,3.37,11.5,7,Italy,266.58,0,1989,Other
586,3.36,10.8,6,Australia,144.79,75,1994,4
587,3.41,10.9,5,Kazahstan,64.75,74,1962,4
588,2.94,10.2,5,Italy,56.07,2,2007,1
589,3.29,10.1,5,Argentina,157.33,37,1967,2
590,3.36,9.4,6,Australia,123.32,44,2004,3
591,2.86,8.4,6,France,198.23,28,2009,2
592,3.28,11.9,6,Argentina,117.87,52,2012,3
593,3.32,9.5,5,California,110.53,60,2004,3
594,3.94,14.35,3,Montenegro,7.8,21,1993,2
595,3.29,9.0,5,Italy,115.67,12,1972,1
596,3.32,9.0,6,Kazahstan,55.11,42,2008,3
597,3.39,9.7,5,Australia,148.66,65,1981,4
598,3.36,9.4,5,Kazahstan,62.46,84,1994,5
599,3.26,11.7,6,France,104.51,68,2005,4
600,2.98,11.8,8,Argentina,116.98,58,1997,3
601,3.18,11.9,6,France,93.55,13,1975,1
602,3.24,9.5,6,France,175.61,96,1983,5
603,3.33,12.0,6,California,78.73,13,1978,1
604,3.12,9.2,5,Australia,87.17,47,1966,3
605,3.13,9.2,5,Italy,116.34,18,1960,1
606,3.31,10.8,6,France,55.08,47,1990,3
607,3.6,11.7,6,Argentina,191.42,98,2003,5
608,3.41,11.2,5,Montenegro,103.69,49,1961,3
609,3.32,11.9,7,Australia,290.22,30,2005,2
610,3.19,11.6,7,France,84.19,14,2006,1
611,3.23,9.5,5,Italy,103.92,45,2011,3
612,3.35,10.1,5,Kazahstan,55.62,89,1965,5
613,3.52,12.3,7,France,86.92,72,1985,4
614,3.3,9.0,5,Australia,90.19,93,2012,5
615,4.0,8.83,8,California,603.68,45,2004,3
616,3.17,14.41,5,Montenegro,7.1,22,1961,2
617,3.29,9.3,5,California,100.73,90,1973,5
618,3.36,10.5,5,Montenegro,145.85,24,1962,2
619,2.98,14.43,3,Montenegro,1.0,81,1989,5
620,3.52,10.7,5,Australia,179.05,78,1961,4
621,3.41,10.1,5,Kazahstan,52.69,85,1976,5
622,3.39,9.7,5,Argentina,134.3,47,1986,3
623,3.36,9.1,5,Kazahstan,73.31,59,2014,3
624,3.28,9.5,5,Kazahstan,67.99,12,2014,1
625,3.29,10.1,5,Montenegro,79.23,6,1997,1
626,2.94,8.96,6,Italy,6.9,30,1993,2
627,3.39,9.4,6,California,186.65,11,2006,1
628,3.46,10.6,6,Italy,181.91,100,1990,5
629,3.2,9.4,5,Italy,84.52,60,2002,3
630,3.08,9.8,6,Australia,52.9,1,2008,1
631,3.19,9.5,5,France,105.77,92,2007,5
632,3.1,14.56,6,Montenegro,8.3,55,2000,3
633,3.32,9.2,5,Australia,158.84,37,1998,2
634,3.66,9.8,5,Australia,167.2,8,1993,1
635,3.2,9.6,5,California,110.85,82,2000,5
636,3.31,9.8,5,Italy,69.04,58,1995,3
637,3.49,10.4,5,Australia,158.19,86,1975,5
638,4.01,12.5,6,France,60.7,17,1974,1
639,3.31,9.4,5,Montenegro,179.06,67,2010,4
640,3.15,9.1,5,Italy,122.2,78,2012,4
641,3.9,14.0,7,Italy,7.6,61,1966,4
642,3.14,10.2,5,Argentina,19.61,28,1979,2
643,3.37,11.8,6,Montenegro,129.42,76,2005,4
644,3.18,10.35,8,Italy,12.0,5,1994,1
645,3.76,14.22,4,Montenegro,20.0,96,2003,5
646,3.02,10.9,7,Italy,318.25,70,1987,4
647,3.34,10.6,7,Australia,230.08,77,1980,4
648,3.42,10.2,6,France,51.36,77,1969,4
649,3.37,10.5,6,Montenegro,112.74,34,1991,2
650,3.26,10.2,5,Australia,70.86,7,1973,1
651,3.37,10.4,6,France,107.95,35,1994,2
652,3.98,14.12,5,Montenegro,4.5,55,2011,3
653,3.27,12.6,7,Kazahstan,69.77,42,1972,3
654,3.29,9.2,5,Italy,79.54,6,2011,1
655,3.36,9.5,7,Kazahstan,550.66,55,1967,3
656,3.54,11.9,6,Kazahstan,63.11,47,1986,3
657,3.1,9.7,5,Kazahstan,51.28,23,1997,2
658,3.57,9.9,5,Australia,148.68,62,1967,4
659,4.0,12.04,5,Montenegro,246.26,35,1996,2
660,3.39,11.4,6,Montenegro,195.92,99,1976,5
661,3.41,12.6,6,California,111.62,30,2012,2
662,3.17,10.8,6,California,129.29,76,1989,4
663,3.16,9.4,5,Kazahstan,52.77,54,1992,3
664,3.52,9.7,5,Montenegro,98.57,27,1991,2
665,3.37,9.4,6,Australia,167.17,75,2001,4
666,3.4,10.1,6,Kazahstan,71.88,40,1988,2
667,3.91,14.8,8,Montenegro,17.0,43,1991,3
668,2.75,8.68,8,Montenegro,7.7,38,2009,2
669,3.23,11.3,7,France,96.89,63,2003,4
670,3.2,9.2,5,Montenegro,135.43,40,1997,2
671,3.22,9.3,6,Kazahstan,55.44,3,2013,1
672,3.27,9.5,5,Australia,44.9,72,1987,4
673,3.92,14.54,8,Montenegro,6.0,84,1964,5
674,3.4,11.3,7,Kazahstan,48.24,4,1968,1
675,3.15,9.5,5,France,98.43,95,1978,5
676,3.26,9.8,5,California,120.06,12,2011,1
677,3.43,11.3,4,Italy,83.39,71,1968,4
678,3.43,10.0,5,France,111.26,38,2003,2
679,3.24,9.8,6,France,57.18,27,1969,2
680,3.9,14.32,8,Montenegro,11.5,15,2006,1
681,3.19,9.2,5,Australia,151.83,19,1976,1
682,3.43,9.5,5,Montenegro,181.67,32,1967,2
683,3.66,10.78,5,Montenegro,15.0,67,2004,4
684,3.22,11.4,6,Kazahstan,49.05,85,1981,5
685,3.33,10.4,6,Australia,114.82,60,1964,3
686,3.26,9.8,6,California,97.67,74,2002,4
687,3.34,10.0,4,Argentina,6.2,34,1978,2
688,3.47,12.9,6,France,66.64,80,1989,4
689,3.29,9.8,6,Italy,110.2,67,2006,4
690,3.28,10.1,6,Argentina,122.23,48,2013,3
691,3.05,14.77,4,Montenegro,16.5,63,1979,4
692,3.0,9.2,5,Argentina,136.69,30,2010,2
693,3.38,13.6,7,Kazahstan,76.7,54,1988,3
694,3.25,9.6,5,Argentina,93.63,16,1963,1
695,3.24,10.9,5,Italy,43.22,96,1975,5
696,3.32,11.6,6,Kazahstan,55.92,19,1969,1
697,3.38,9.5,5,Kazahstan,71.96,76,1997,4
698,3.2,9.5,5,France,104.56,66,1964,4
699,3.49,14.78,6,Montenegro,8.5,99,1963,5
700,3.4,9.4,6,Italy,64.6,0,1997,Other
701,3.2,14.42,5,Montenegro,6.7,27,2007,2
702,3.42,9.4,5,Italy,112.0,48,1977,3
703,3.3,11.8,7,Australia,225.57,79,2006,4
704,3.19,9.5,5,Australia,103.07,61,1965,4
705,3.37,9.2,6,Montenegro,89.64,71,2010,4
706,3.25,10.3,5,Australia,181.44,45,1965,3
707,3.2,10.9,6,Montenegro,79.84,87,2005,5
708,3.16,10.3,5,Kazahstan,74.05,60,1962,3
709,3.29,9.8,4,Argentina,79.65,65,1972,4
710,3.28,9.5,5,Australia,103.92,72,1972,4
711,3.29,9.3,5,California,110.45,85,1982,5
712,3.21,12.1,7,France,127.63,75,1967,4
713,3.76,14.09,7,Montenegro,0.5,79,1988,4
714,3.27,12.3,6,Argentina,150.33,50,2000,3
715,3.14,11.4,5,Italy,92.89,10,2014,1
716,3.54,12.2,7,California,126.72,2,1987,1
717,3.28,9.8,6,Montenegro,89.65,98,1988,5
718,3.48,9.5,5,Argentina,86.91,98,1990,5
719,3.41,11.9,7,France,89.28,27,2006,2
720,3.17,9.1,6,Italy,145.02,3,1962,1
721,3.3,11.32,8,Montenegro,3.0,52,1991,3
722,3.15,10.4,7,Australia,177.24,19,1965,1
723,3.44,10.3,6,California,152.32,79,2008,4
724,3.46,12.7,8,Montenegro,126.53,5,1981,1
725,3.44,10.0,6,Italy,127.32,48,1987,3
726,3.16,9.6,6,Kazahstan,55.28,43,2000,3
727,3.3,11.0,6,Argentina,114.91,80,1981,4
728,3.27,9.7,5,Kazahstan,53.05,72,2010,4
729,3.21,9.9,5,Argentina,54.81,79,1960,4
730,4.0,13.23,5,Kazahstan,219.52,30,2013,2
731,3.47,10.9,6,Italy,162.95,32,1993,2
732,3.08,9.3,6,Argentina,190.68,13,1992,1
733,3.19,11.4,5,Australia,103.55,10,1991,1
734,3.26,9.3,5,France,126.68,3,1994,1
735,3.23,14.63,3,Montenegro,7.5,72,1966,4
736,3.29,9.4,5,Australia,47.34,24,1963,2
737,3.36,12.8,7,Italy,370.68,72,2005,4
738,3.1,9.2,5,California,49.17,45,2007,3
739,3.41,10.3,6,Argentina,164.76,27,1964,2
740,3.3,13.3,6,France,88.25,13,1995,1
741,2.85,14.87,3,Montenegro,6.5,74,1977,4
742,3.44,9.4,5,Argentina,170.26,68,1970,4
743,3.66,11.5,6,Montenegro,169.77,21,1966,2
744,3.27,10.9,6,Italy,77.54,27,1992,2
745,3.54,10.5,5,Kazahstan,56.86,36,1962,2
746,3.44,10.2,7,France,166.61,24,1967,2
747,3.45,11.2,7,California,141.19,46,1978,3
748,3.38,9.8,6,Australia,70.91,59,2003,3
749,3.3,9.5,5,France,111.48,85,1984,5
750,3.29,9.8,6,Italy,118.17,34,2010,2
751,3.29,10.1,5,Argentina,68.9,69,1991,4
752,3.27,13.36,4,Italy,8.5,45,1969,3
753,3.23,12.6,8,Argentina,111.29,19,1965,1
754,3.28,11.5,6,Montenegro,112.48,26,1973,2
755,3.1,10.3,6,France,96.46,0,1982,Other
756,3.38,10.0,6,France,143.53,52,1965,3
757,3.2,9.2,5,Kazahstan,63.08,96,1973,5
758,2.81,9.77,8,Montenegro,9.6,6,1988,1
759,3.03,9.9,5,Argentina,135.64,38,1972,2
760,3.26,12.4,7,Argentina,102.39,34,2002,2
761,3.34,9.3,5,Kazahstan,49.53,76,1970,4
762,3.4,10.2,6,Argentina,188.02,0,2000,Other
763,3.33,14.51,8,Montenegro,21.5,82,2000,5
764,3.47,9.7,6,France,183.66,45,1975,3
765,3.37,10.3,5,Argentina,122.86,54,1965,3
766,3.62,11.0,5,Italy,145.79,6,1966,1
767,3.41,10.4,6,Italy,147.85,14,1960,1
768,3.35,12.7,7,Argentina,92.63,39,2010,2
769,3.48,10.0,5,Australia,160.75,68,1970,4
770,3.36,10.0,5,Australia,119.0,40,1970,2
771,3.12,9.6,5,Argentina,154.74,48,2005,3
772,3.1,9.0,6,Australia,71.93,78,1962,4
773,2.89,12.7,6,Italy,159.73,47,2003,3
774,3.27,12.5,7,Argentina,107.67,74,2011,4
775,3.46,10.0,5,Argentina,139.77,55,1995,3
776,3.29,9.5,5,Italy,88.91,22,1974,2
777,2.95,14.16,7,Montenegro,9.5,90,2007,5
778,3.53,10.5,6,Montenegro,155.55,83,1960,5
779,3.35,10.5,5,California,102.36,61,1976,4
780,3.68,9.6,5,Argentina,93.5,67,1993,4
781,3.36,10.7,6,Australia,193.4,62,1980,4
782,3.42,10.5,7,Kazahstan,158.78,100,1966,5
783,2.74,9.4,4,Kazahstan,11.56,96,1992,5
784,3.38,10.5,7,France,101.07,17,1968,1
785,3.16,10.3,5,Australia,143.66,95,1973,5
786,3.57,14.79,8,Montenegro,7.3,88,2013,5
787,3.15,11.0,7,California,58.27,40,1960,2
788,2.85,9.18,7,Italy,7.3,74,2014,4
789,3.28,9.7,5,Italy,85.46,64,1967,4
790,3.5,10.2,6,California,65.43,61,2000,4
791,3.53,9.5,5,Kazahstan,56.81,85,1986,5
792,3.16,9.8,5,France,176.76,69,2011,4
793,3.37,10.4,6,Montenegro,54.57,15,1987,1
794,3.4,10.3,6,France,68.06,74,2013,4
795,3.4,10.0,5,France,86.09,55,1980,3
796,3.2,12.0,7,Argentina,113.5,4,2008,1
797,3.32,10.5,7,Kazahstan,23.33,28,1973,2
798,3.25,12.3,7,Italy,207.98,37,1962,2
799,3.48,9.0,5,Kazahstan,53.53,6,2014,1
800,3.26,9.2,5,France,184.28,35,2013,2
801,3.45,9.4,5,California,110.29,23,2003,2
802,3.22,11.6,7,Argentina,111.93,12,1970,1
803,3.15,11.4,6,Kazahstan,13.05,96,1982,5
804,3.29,9.2,5,Italy,191.42,89,1980,5
805,2.84,14.15,5,Montenegro,0.5,10,1980,1
806,3.81,14.63,3,Montenegro,6.0,30,2000,2
807,3.15,9.1,5,Kazahstan,50.86,45,1985,3
808,3.81,14.8,4,Montenegro,19.0,8,2010,1
809,3.36,10.5,7,France,105.97,92,1991,5
810,3.32,11.1,5,Australia,194.52,63,1974,4
811,3.32,9.8,3,Australia,109.61,56,1996,3
812,3.32,13.4,7,Italy,234.11,71,1988,4
813,3.42,11.0,6,Italy,144.7,60,1992,3
814,3.03,9.2,5,Argentina,147.38,33,1978,2
815,3.75,14.59,7,Montenegro,17.0,50,1999,3
816,3.17,9.5,5,Argentina,119.15,67,1964,4
817,3.36,10.8,6,California,61.66,54,1984,3
818,3.12,11.2,6,Argentina,158.24,65,2008,4
819,4.0,11.94,7,Italy,11.78,70,1969,4
820,3.59,11.2,4,California,50.65,55,1969,3
821,3.68,14.0,6,Italy,179.44,56,2012,3
822,3.87,11.73,7,Italy,13.5,32,2007,2
823,3.4,9.5,5,California,71.29,27,2001,2
824,3.61,9.9,6,California,186.86,74,1960,4
825,2.89,9.6,5,Kazahstan,55.57,58,1963,3
826,3.41,11.1,4,Argentina,7.71,52,2011,3
827,3.11,13.3,6,France,135.25,18,1972,1
828,3.47,9.5,6,California,107.73,64,1991,4
829,3.41,9.2,5,Kazahstan,69.27,95,2001,5
830,3.57,11.7,6,Argentina,77.99,42,1998,3
831,3.28,9.8,5,France,60.74,47,1971,3
832,3.08,9.2,5,California,149.52,14,1987,1
833,3.8,14.09,8,Montenegro,6.7,25,1990,2
834,3.32,10.6,6,Australia,178.29,7,2006,1
835,3.16,9.0,5,Australia,84.46,80,1969,4
836,4.0,11.04,6,Italy,233.99,78,1995,4
837,2.83,14.1,6,Montenegro,6.4,68,1987,4
838,3.16,9.4,5,California,73.51,13,1968,1
839,3.09,11.8,7,Italy,334.71,2,2014,1
840,3.39,9.8,5,California,186.05,83,1965,5
841,3.04,9.3,5,Montenegro,60.53,21,1987,2
842,3.29,10.7,6,Argentina,100.32,41,1972,3
843,3.53,10.9,5,Argentina,129.85,66,1994,4
844,4.0,14.7,6,France,720.88,10,1986,1
845,3.54,10.5,5,Italy,156.35,50,1962,3
846,3.44,12.2,6,California,85.95,56,1976,3
847,2.98,9.9,7,Montenegro,50.23,76,1984,4
848,3.38,12.6,6,France,170.78,36,1976,2
849,3.41,9.0,5,Kazahstan,54.55,30,1966,2
850,3.44,9.5,5,France,53.65,28,1976,2
851,3.39,11.4,6,Montenegro,64.04,43,1976,3
852,3.06,9.1,6,California,71.4,44,1974,3
853,3.25,14.21,7,Montenegro,7.5,50,2007,3
854,3.37,11.3,5,Montenegro,119.31,94,1997,5
855,3.44,9.8,5,Kazahstan,45.45,34,1961,2
856,2.99,14.51,5,Montenegro,17.0,31,1992,2
857,3.0,12.8,6,Kazahstan,54.25,100,1980,5
858,3.46,11.0,5,California,95.7,80,1963,4
859,3.31,9.4,6,France,186.14,26,1989,2
860,3.32,9.5,6,France,178.93,61,1973,4
861,3.16,9.9,5,France,126.19,17,1987,1
862,3.31,9.4,5,California,116.76,75,2014,4
863,3.08,9.3,6,Italy,77.83,59,1968,3
864,3.12,9.3,5,Montenegro,197.53,25,1967,2
865,3.35,11.0,7,Montenegro,69.34,24,1991,2
866,3.28,9.5,5,Argentina,102.15,38,1998,2
867,3.28,9.2,5,California,103.96,55,1991,3
868,2.94,14.35,8,Montenegro,5.6,20,1990,1
869,3.01,9.4,5,France,91.92,50,1990,3
870,3.15,10.5,5,Australia,106.87,32,1992,2
871,3.54,13.57,7,Australia,252.77,0,2004,Other
872,3.33,12.8,7,California,88.47,45,2007,3
873,3.11,11.68,4,Italy,15.5,23,1962,2
874,3.27,9.3,5,Australia,149.81,40,1978,2
875,2.94,13.78,3,Italy,9.9,85,1970,5
876,4.0,10.97,7,California,100.5,64,1971,4
877,4.0,12.5,8,France,383.82,88,2010,5
878,3.25,9.2,5,Argentina,144.63,99,2008,5
879,3.35,10.4,6,Argentina,95.11,18,1963,1
880,3.41,11.8,6,Australia,109.42,73,1991,4
881,3.33,12.8,6,Italy,138.66,36,1964,2
882,3.44,12.3,6,Australia,99.12,24,2001,2
883,3.99,14.05,6,Montenegro,22.0,20,1998,1
884,3.12,14.48,7,Montenegro,9.1,44,1985,3
885,3.15,9.8,5,France,68.18,51,1996,3
886,3.46,9.2,5,California,143.33,69,1983,4
887,3.63,13.0,5,Argentina,45.45,4,2009,1
888,3.12,14.46,8,Italy,9.1,7,1997,1
889,3.04,10.2,6,Montenegro,130.84,86,1961,5
890,3.22,9.6,5,Argentina,105.29,43,2005,3
891,3.36,10.5,6,Kazahstan,59.56,25,2014,2
892,3.4,9.9,5,California,41.53,39,1989,2
893,3.44,9.4,5,Italy,80.1,41,2001,3
894,3.56,12.7,6,France,59.24,77,1997,4
895,3.23,9.5,5,France,123.45,5,1975,1
896,3.39,9.3,5,Kazahstan,63.4,86,2001,5
897,3.45,11.2,6,Kazahstan,41.42,93,1976,5
898,3.28,9.4,5,Italy,123.52,32,2001,2
899,3.23,11.1,7,Montenegro,142.66,24,2006,2
900,4.0,10.78,5,Kazahstan,402.89,38,1986,2
901,3.44,10.2,5,Italy,109.43,29,1967,2
902,3.5,14.0,8,Australia,158.8,77,1981,4
903,3.2,11.9,6,Argentina,69.97,68,2008,4
904,3.25,9.0,3,Kazahstan,76.23,72,1999,4
905,3.11,9.8,7,Kazahstan,64.48,98,1992,5
906,3.59,9.8,5,France,63.94,20,2011,1
907,3.4,10.9,6,California,165.09,34,1983,2
908,3.26,11.8,6,Montenegro,56.15,39,2013,2
909,3.38,10.8,5,France,40.83,64,1966,4
910,3.22,11.2,6,Australia,104.97,79,2000,4
911,3.06,10.0,6,Argentina,120.52,37,1978,2
912,3.19,9.2,5,Montenegro,87.76,68,1978,4
913,3.5,11.2,5,France,177.75,56,1994,3
914,3.23,11.1,6,Argentina,64.99,1,1992,1
915,3.31,9.0,5,Argentina,69.97,67,1967,4
916,3.3,11.2,6,Montenegro,75.36,82,1980,5
917,3.39,9.0,5,Montenegro,84.94,46,1973,3
918,3.44,10.8,6,France,88.26,93,1989,5
919,3.11,14.27,5,Montenegro,8.3,68,2010,4
920,3.24,9.4,5,Italy,105.46,99,2001,5
921,3.32,10.8,7,Kazahstan,47.85,13,1999,1
922,3.3,10.2,5,France,193.6,23,1966,2
923,3.21,9.4,6,Italy,116.21,86,2011,5
924,3.2,9.6,5,Argentina,146.17,71,1973,4
925,3.36,11.0,5,France,65.85,29,1971,2
926,3.52,12.9,5,Australia,148.1,32,1967,2
927,3.15,14.36,3,Montenegro,8.3,49,1984,3
928,3.44,10.5,5,Italy,141.92,49,1979,3
929,3.21,9.5,5,Kazahstan,64.04,50,1981,3
930,3.42,9.5,6,Italy,95.91,13,1992,1
931,3.49,10.5,5,France,83.55,37,1974,2
932,3.18,11.0,6,Kazahstan,52.86,93,2009,5
933,3.29,10.1,5,Australia,150.45,65,1996,4
934,3.26,9.6,6,Montenegro,18.64,89,2011,5
935,3.48,11.7,6,Italy,105.64,79,1994,4
936,3.04,9.6,5,Montenegro,111.11,13,1992,1
937,3.41,11.9,7,California,147.54,56,1988,3
938,3.46,10.2,5,Italy,102.34,17,1978,1
939,2.99,10.2,5,Kazahstan,68.41,52,2002,3
940,3.18,11.0,6,California,104.19,89,1980,5
941,3.32,9.7,6,Italy,77.98,9,1979,1
942,3.15,10.9,6,Italy,172.39,42,2001,3
943,3.18,10.4,6,Argentina,120.95,50,1972,3
944,3.17,12.0,7,Australia,254.14,29,1971,2
945,3.49,9.2,5,Montenegro,98.28,40,2006,2
946,3.09,9.3,5,Montenegro,192.76,44,1981,3
947,3.07,10.03,6,Italy,52.38,68,1971,4
948,3.1,9.3,5,Montenegro,158.04,78,1993,4
949,3.04,14.32,7,Montenegro,7.0,98,2001,5
950,3.1,10.5,6,California,39.0,8,1978,1
951,3.26,10.6,6,Argentina,15.42,69,1988,4
952,3.37,11.0,5,Kazahstan,30.7,36,1974,2
953,3.18,11.8,5,Kazahstan,52.22,64,1991,4
954,3.24,9.9,5,France,107.86,67,1963,4
955,3.27,11.9,6,Argentina,109.81,1,1967,1
956,3.31,9.5,5,California,45.65,62,1978,4
957,3.15,12.5,7,Argentina,134.34,49,1974,3
958,3.36,10.4,5,France,56.73,21,1962,2
959,3.28,9.6,5,France,191.32,89,1964,5
960,3.56,12.9,8,Montenegro,155.67,21,1986,2
961,2.83,14.3,3,Montenegro,8.2,28,2012,2
962,3.35,10.0,6,Australia,166.46,3,1969,1
963,3.16,9.5,5,Australia,92.6,80,1976,4
964,3.34,9.3,5,France,140.19,4,1977,1
965,3.55,9.95,3,Montenegro,184.28,53,1980,3
966,3.53,10.6,5,France,74.48,83,1989,5
967,3.21,11.3,6,Australia,101.0,34,2010,2
968,3.37,12.4,6,Italy,117.48,88,2008,5
969,3.52,9.5,6,Italy,137.61,26,1991,2
970,4.0,12.43,8,Australia,573.74,63,1980,4
971,3.22,10.3,7,France,362.91,86,1974,5
972,3.09,9.4,5,France,77.74,81,1981,5
973,3.38,10.5,7,California,53.66,86,2011,5
974,3.36,11.9,6,Argentina,135.11,47,1979,3
975,3.21,9.3,5,Australia,65.11,53,1984,3
976,3.38,11.3,6,California,85.9,18,1992,1
977,3.98,14.0,4,Montenegro,7.6,28,2012,2
978,3.15,11.2,6,Italy,174.34,14,1968,1
979,3.34,9.2,5,Montenegro,125.7,54,2009,3
980,3.23,9.7,5,France,177.91,41,1993,3
981,3.47,9.9,6,France,199.2,27,1983,2
982,3.38,9.6,5,France,166.4,99,2013,5
983,3.26,10.0,4,Italy,68.43,9,1967,1
984,3.59,11.4,6,France,183.77,15,1988,1
985,3.43,10.7,6,California,176.42,48,1979,3
986,3.57,10.2,5,Italy,145.65,93,1982,5
987,3.4,10.9,5,California,51.4,69,1968,4
988,3.14,10.9,6,Australia,112.15,43,1964,3
989,3.2,9.5,5,France,131.52,47,2001,3
990,3.07,9.2,7,France,89.26,27,1988,2
991,3.28,9.6,5,Australia,118.09,71,1988,4
992,3.13,11.66,5,Italy,5.5,50,1976,3
993,3.28,9.9,5,Australia,149.4,32,1976,2
994,3.51,11.0,6,Argentina,77.43,48,1987,3
995,3.28,9.2,5,California,169.89,79,1987,4
996,3.4,9.4,5,Kazahstan,63.72,61,1987,4
997,3.26,10.0,5,Australia,154.96,77,1999,4
998,3.49,9.2,5,Australia,110.41,33,1968,2
999,3.14,11.1,7,France,83.24,31,2006,2
1000,2.87,14.83,8,Montenegro,4.5,25,1994,2
1001,3.53,10.4,6,Montenegro,67.54,54,1982,3
1002,3.35,9.7,5,Australia,97.96,16,1962,1
1003,3.48,9.7,6,California,104.89,31,1971,2
1004,3.37,9.6,4,France,122.6,9,2000,1
1005,3.03,9.8,6,France,68.75,65,2009,4
1006,3.47,11.3,7,Australia,171.4,65,2012,4
1007,3.38,11.7,6,France,34.68,64,1993,4
1008,3.34,10.4,5,Montenegro,57.41,66,2006,4
1009,3.57,14.52,6,Montenegro,10.5,24,2005,2
1010,3.31,10.4,4,France,126.56,99,1969,5
1011,3.21,12.5,8,France,103.57,41,1974,3
1012,3.58,9.9,5,France,99.95,47,1997,3
1013,3.34,9.4,5,Australia,47.39,96,1982,5
1014,3.05,9.2,5,Montenegro,55.81,13,1997,1
1015,3.51,11.3,6,Australia,19.44,94,1960,5
1016,3.38,9.5,5,Italy,128.08,20,1993,1
1017,3.21,9.9,5,Kazahstan,61.22,36,2007,2
1018,3.15,9.4,5,California,106.89,43,1995,3
1019,3.88,14.52,8,Montenegro,7.0,69,1983,4
1020,3.36,9.7,6,California,58.77,87,1996,5
1021,3.19,9.6,5,Kazahstan,50.79,79,1992,4
1022,3.3,9.3,5,France,39.28,22,2002,2
1023,3.44,9.3,5,Argentina,165.04,52,1963,3
1024,3.36,9.5,5,Italy,173.36,60,1977,3
1025,3.33,9.8,5,California,165.68,96,1993,5
1026,3.32,10.5,7,Montenegro,96.83,56,1988,3
1027,3.61,12.7,6,Argentina,164.75,16,1975,1
1028,3.13,10.4,5,Montenegro,127.82,6,1991,1
1029,3.58,11.2,4,Australia,79.1,97,1985,5
1030,3.16,9.7,6,Montenegro,61.85,8,2013,1
1031,3.53,9.8,6,Australia,123.27,34,2014,2
1032,3.07,10.5,6,California,118.3,68,2002,4
1033,3.24,10.8,6,Montenegro,143.36,24,1963,2
1034,3.02,14.22,3,Montenegro,19.0,35,1996,2
1035,3.39,9.6,5,Kazahstan,55.82,88,1988,5
1036,3.24,9.6,6,Montenegro,66.32,95,1978,5
1037,3.12,9.2,6,Kazahstan,15.08,98,2012,5
1038,3.24,14.8,6,Montenegro,16.0,80,1997,4
1039,3.42,9.5,6,France,117.22,40,2014,2
1040,3.42,10.1,7,Kazahstan,70.06,20,1969,1
1041,3.32,11.0,6,Kazahstan,49.47,53,1991,3
1042,3.1,9.2,5,Kazahstan,12.25,84,2013,5
1043,4.0,8.56,6,Kazahstan,402.9,8,2013,1
1044,3.18,10.2,6,Kazahstan,54.49,16,1997,1
1045,3.05,14.83,5,Montenegro,12.0,41,1963,3
1046,3.7,14.12,3,Montenegro,8.3,73,1973,4
1047,3.26,9.9,6,Montenegro,95.84,28,1970,2
1048,3.31,12.5,7,Italy,333.07,80,2012,4
1049,3.51,9.4,5,Kazahstan,20.38,66,1973,4
1050,3.17,9.2,6,Italy,131.46,88,1982,5
1051,3.34,10.2,6,France,119.04,94,1981,5
1052,3.41,9.5,6,Italy,12.42,54,1973,3
1053,3.36,9.6,5,Argentina,75.72,21,1988,2
1054,3.62,11.5,4,Montenegro,105.42,2,1979,1
1055,3.16,9.57,6,California,67.82,25,1967,2
1056,3.15,10.5,6,California,79.3,5,1980,1
1057,3.4,11.8,5,Italy,155.96,13,1964,1
1058,3.36,10.9,5,Montenegro,118.04,71,1965,4
1059,3.54,11.3,5,California,165.6,44,2002,3
1060,3.46,14.67,8,Montenegro,19.5,52,1980,3
1061,3.51,10.8,6,France,144.07,37,1985,2
1062,4.0,10.94,5,Montenegro,72.24,61,2010,4
1063,3.21,10.2,6,California,134.5,26,1996,2
1064,3.42,11.5,6,Argentina,97.09,14,1960,1
1065,3.2,9.2,5,Argentina,119.04,9,2006,1
1066,3.27,9.9,5,Australia,111.88,50,1997,3
1067,3.52,10.7,6,Italy,139.97,19,2013,1
1068,2.75,14.8,8,Montenegro,17.0,77,2001,4
1069,3.21,9.9,5,Kazahstan,54.57,75,1981,4
1070,3.41,14.26,6,Montenegro,5.6,35,2006,2
1071,3.32,9.0,6,Kazahstan,62.76,97,1976,5
1072,3.36,9.1,5,California,119.65,30,1986,2
1073,3.43,9.2,6,Argentina,99.07,54,1999,3
1074,3.4,10.1,6,Italy,146.39,37,1965,2
1075,3.7,14.0,6,Australia,145.45,18,1979,1
1076,2.77,14.12,3,Montenegro,7.1,58,1994,3
1077,3.84,14.8,7,Montenegro,6.5,42,1991,3
1078,2.93,9.9,6,Argentina,171.32,96,1979,5
1079,3.36,11.4,6,Australia,104.73,78,2002,4
1080,3.4,9.8,5,Kazahstan,59.07,77,1998,4
1081,3.39,13.5,6,Italy,80.71,11,2008,1
1082,3.22,10.3,6,California,192.23,80,1998,4
1083,3.08,14.73,4,Montenegro,6.5,25,2000,2
1084,3.52,14.32,8,Montenegro,3.0,27,2013,2
1085,3.48,9.3,5,France,42.6,15,1964,1
1086,3.34,10.8,6,Argentina,152.86,60,1977,3
1087,3.38,14.06,5,Montenegro,3.5,57,1978,3
1088,3.3,9.4,5,Kazahstan,50.1,76,1981,4
1089,4.01,12.5,6,California,78.61,98,1982,5
1090,3.49,12.1,6,Italy,94.08,22,2000,2
1091,3.31,9.8,5,Italy,154.89,92,2014,5
1092,3.44,9.2,5,Italy,172.43,55,1966,3
1093,3.33,10.4,6,Italy,87.82,33,1968,2
1094,3.27,11.0,6,Montenegro,141.58,2,1989,1
1095,3.43,11.5,6,Australia,170.85,5,1976,1
1096,3.51,9.5,5,Italy,118.68,97,1977,5
1097,3.18,11.2,5,Australia,185.41,69,1974,4
1098,3.22,10.1,6,Kazahstan,57.88,78,1998,4
1099,3.21,11.8,7,Australia,256.32,74,1974,4
1100,3.43,10.0,4,Kazahstan,11.95,97,1982,5
1101,3.39,10.9,6,France,161.77,55,1969,3
1102,3.36,9.5,5,Montenegro,60.71,95,1969,5
1103,3.34,13.3,7,California,184.54,59,1965,3
1104,3.22,12.8,6,Kazahstan,78.02,82,1965,5
1105,3.32,11.0,4,Montenegro,66.44,75,1989,4
1106,3.29,10.9,7,Argentina,65.64,51,2004,3
1107,3.32,12.4,7,Kazahstan,72.76,77,1967,4
1108,3.23,10.5,6,Australia,198.16,38,1998,2
1109,3.78,11.76,5,Montenegro,7.4,62,1973,4
1110,3.27,11.7,7,Montenegro,148.65,64,1967,4
1111,3.27,10.0,6,Kazahstan,62.72,11,1963,1
1112,3.25,9.2,5,Kazahstan,50.47,39,1973,2
1113,3.13,11.0,5,Kazahstan,50.01,9,1988,1
1114,3.2,13.1,8,Montenegro,112.41,97,1985,5
1115,3.43,9.0,6,Argentina,52.38,48,1963,3
1116,3.03,14.22,7,Montenegro,14.5,5,1964,1
1117,3.3,9.5,5,France,171.19,19,1981,1
1118,3.39,10.5,6,France,78.38,38,1971,2
1119,3.41,11.1,6,Argentina,58.05,1,1986,1
1120,3.35,9.4,4,Australia,9.66,71,1983,4
1121,3.57,11.7,6,Montenegro,168.52,39,1975,2
1122,3.56,11.6,6,California,159.37,59,1973,3
1123,3.52,11.2,6,Argentina,89.87,82,2002,5
1124,3.39,11.0,5,Italy,99.49,4,2012,1
1125,3.49,14.73,4,Montenegro,15.5,90,1969,5
1126,3.62,12.4,6,Argentina,149.33,60,1989,3
1127,3.48,11.6,6,France,108.67,70,2003,4
1128,3.03,9.0,5,Argentina,175.87,69,2014,4
1129,3.36,9.5,5,Montenegro,129.86,90,1976,5
1130,4.0,12.18,6,Montenegro,296.96,28,1968,2
1131,3.37,9.9,6,Italy,106.44,74,1992,4
1132,3.29,10.0,5,France,190.26,48,1977,3
1133,3.29,11.1,6,Italy,150.91,95,1992,5
1134,3.39,10.6,6,Kazahstan,66.49,42,1999,3
1135,3.52,11.0,4,Argentina,95.47,95,1969,5
1136,3.3,10.7,7,France,86.81,49,2004,3
1137,3.33,10.9,6,Kazahstan,8.85,82,2014,5
1138,3.29,10.1,5,California,60.45,70,1968,4
1139,3.26,9.9,5,Australia,171.82,42,2002,3
1140,3.39,10.0,6,France,156.58,41,1993,3
1141,3.11,10.8,6,Argentina,169.08,76,1987,4
1142,3.24,10.8,7,Italy,279.1,20,1987,1
1143,3.66,10.1,4,Kazahstan,14.85,26,1999,2
1144,2.8,14.76,7,Montenegro,7.0,44,2004,3
1145,4.0,13.62,6,Montenegro,86.62,1,2005,1
1146,3.04,9.3,6,France,93.38,85,1966,5
1147,3.41,10.3,5,California,109.93,67,2010,4
1148,3.23,10.58,8,Italy,8.6,20,1974,1
1149,3.32,14.7,7,Montenegro,7.0,9,2013,1
1150,3.2,9.5,5,Argentina,111.9,41,1995,3
1151,3.36,10.5,6,Montenegro,97.38,10,1987,1
1152,3.26,9.7,5,Australia,129.19,49,1960,3
1153,3.41,11.9,7,Argentina,90.05,10,2010,1
1154,3.28,11.5,6,Argentina,101.51,94,1990,5
1155,3.51,9.7,5,California,128.46,41,1972,3
1156,3.19,9.6,5,California,176.93,13,1988,1
1157,3.52,10.6,5,Argentina,139.52,86,1995,5
1158,3.44,9.1,5,Argentina,113.0,71,1997,4
1159,3.3,12.0,7,Italy,351.37,69,1989,4
1160,3.53,9.7,5,Australia,121.11,10,1972,1
1161,3.37,10.7,6,Italy,125.8,75,1977,4
1162,3.3,9.4,5,California,106.65,8,1972,1
1163,3.66,14.67,8,Montenegro,16.5,91,1999,5
1164,3.14,11.1,7,Australia,164.69,42,1970,3
1165,3.2,10.2,6,California,61.11,40,1995,2
1166,3.33,10.9,6,France,56.19,95,2002,5
1167,3.2,9.2,4,Australia,82.94,18,2005,1
1168,3.17,9.8,5,Montenegro,120.32,26,1974,2
1169,3.26,11.7,7,Argentina,42.44,85,1967,5
1170,3.46,11.0,5,Argentina,135.77,70,1996,4
1171,3.49,10.4,5,Italy,113.7,57,2000,3
1172,4.0,9.59,6,Italy,691.3,33,1971,2
1173,3.19,9.5,5,Kazahstan,63.04,19,1981,1
1174,3.41,14.76,4,Montenegro,24.5,59,2011,3
1175,3.31,9.2,4,Montenegro,94.24,90,2002,5
1176,3.16,9.1,4,Kazahstan,11.23,12,1992,1
1177,3.37,11.5,7,France,105.42,60,2008,3
1178,4.0,14.4,6,Argentina,341.91,20,1987,1
1179,3.21,10.5,6,Italy,79.75,55,1962,3
1180,3.08,9.1,5,Italy,91.98,50,2013,3
1181,3.38,10.3,6,Australia,166.56,86,1980,5
1182,3.45,11.5,6,California,197.29,6,2005,1
1183,3.27,9.8,6,Argentina,63.08,11,1970,1
1184,3.55,12.8,6,California,88.63,20,1987,1
1185,3.38,11.3,6,California,173.87,16,2010,1
1186,3.0,9.2,5,Italy,111.96,56,2003,3
1187,3.71,14.3,8,Montenegro,1.0,65,1968,4
1188,3.39,9.6,5,France,52.86,27,1961,2
1189,3.21,10.2,6,Argentina,167.33,97,1988,5
1190,3.36,9.5,5,Australia,118.17,45,1968,3
1191,3.69,10.5,5,Montenegro,159.94,79,1984,4
1192,3.33,9.5,5,Argentina,121.68,62,1987,4
1193,3.19,9.5,6,Montenegro,132.19,37,1978,2
1194,3.36,9.1,5,Montenegro,89.39,37,1992,2
1195,2.88,14.56,8,Montenegro,10.0,16,2012,1
1196,3.3,11.2,5,France,120.81,38,2009,2
1197,3.42,10.8,6,Argentina,68.95,31,1965,2
1198,3.23,12.0,6,Argentina,156.22,2,2009,1
1199,3.43,11.2,6,Italy,136.18,12,2008,1
1200,3.33,10.0,6,Kazahstan,66.79,91,1986,5
1201,3.12,10.7,6,Australia,197.84,60,1982,3
1202,3.3,12.8,7,Montenegro,126.0,94,2014,5
1203,3.38,9.2,5,Kazahstan,61.52,77,1996,4
1204,3.01,8.84,6,Italy,5.9,61,1966,4
1205,2.82,14.76,7,Montenegro,7.1,86,1974,5
1206,3.14,9.4,5,Italy,122.48,86,1973,5
1207,3.61,14.01,8,Montenegro,15.5,98,1999,5
1208,3.45,10.7,5,Australia,180.09,1,2007,1
1209,3.2,9.8,6,Montenegro,100.3,54,2010,3
1210,2.87,10.2,6,Montenegro,104.73,49,2001,3
1211,3.35,10.8,6,France,62.25,67,1972,4
1212,3.13,10.2,5,Argentina,123.48,9,1971,1
1213,3.43,14.6,5,Montenegro,6.3,20,2005,1
1214,3.17,10.4,6,Kazahstan,13.24,75,1988,4
1215,3.42,10.5,5,Italy,80.63,17,1997,1
1216,3.66,14.71,8,Montenegro,18.5,77,1996,4
1217,3.33,11.9,6,Montenegro,51.42,75,1974,4
1218,3.36,10.1,6,Argentina,133.38,31,1969,2
1219,3.24,9.3,5,Italy,186.24,72,1963,4
1220,3.39,11.8,6,Montenegro,114.85,3,1960,1
1221,3.09,10.0,6,France,163.24,62,1997,4
1222,2.88,9.8,8,Montenegro,119.62,71,1969,4
1223,3.16,9.4,5,Montenegro,139.4,3,1983,1
1224,3.32,10.4,6,Australia,56.63,29,1962,2
1225,3.29,9.9,6,Argentina,53.61,39,1995,2
1226,3.71,14.0,7,Argentina,168.17,95,2012,5
1227,3.22,9.3,5,Kazahstan,71.83,62,2007,4
1228,3.39,9.8,5,Australia,127.32,100,1966,5
1229,3.17,10.6,7,Kazahstan,54.46,99,1997,5
1230,3.08,10.9,5,Italy,116.29,84,1965,5
1231,3.29,10.8,6,Montenegro,137.19,85,2011,5
1232,3.36,9.6,6,Kazahstan,59.61,82,2011,5
1233,3.36,10.9,5,Australia,99.7,99,1990,5
1234,3.02,14.67,5,Italy,2.0,64,2009,4
1235,3.43,14.23,8,Montenegro,7.0,98,1988,5
1236,3.24,9.4,5,Kazahstan,63.3,27,1974,2
1237,3.18,11.0,6,Montenegro,170.2,15,1973,1
1238,2.94,9.2,6,Kazahstan,63.05,71,2006,4
1239,3.42,11.0,6,California,122.33,26,1980,2
1240,4.0,13.5,5,Australia,611.92,58,2002,3
1241,3.19,11.4,7,Italy,199.15,64,2005,4
1242,3.16,9.8,6,California,129.5,91,1987,5
1243,3.16,11.5,6,Argentina,111.59,49,2001,3
1244,3.37,10.5,6,Argentina,158.69,67,1990,4
1245,2.74,14.5,4,Montenegro,5.8,20,1962,1
1246,4.01,14.83,7,Montenegro,7.4,40,1976,2
1247,3.77,10.56,3,Montenegro,23.0,90,1992,5
1248,3.17,10.5,5,Argentina,166.16,8,1999,1
1249,3.23,10.1,6,Montenegro,125.18,58,1964,3
1250,3.65,14.18,3,Montenegro,9.7,100,1991,5
1251,3.41,9.7,5,Italy,128.78,34,2003,2
1252,3.32,9.2,5,Italy,173.82,42,1967,3
1253,3.15,8.5,5,France,179.4,77,1984,4
1254,3.33,11.1,6,Australia,161.81,89,1979,5
1255,3.53,10.4,6,France,126.24,85,1964,5
1256,3.38,12.7,7,Argentina,133.57,56,1971,3
1257,3.42,11.3,6,California,90.13,2,1971,1
1258,3.25,9.4,5,Italy,68.97,50,1994,3
1259,3.5,11.1,5,Italy,166.73,100,1996,5
1260,3.26,9.4,6,France,177.3,49,1961,3
1261,3.35,10.5,5,Kazahstan,60.75,98,1975,5
1262,3.29,11.6,7,Montenegro,83.71,49,1999,3
1263,3.47,9.5,6,France,113.56,20,1994,1
1264,3.46,10.2,5,California,164.87,63,1993,4
1265,3.33,10.4,4,Italy,82.1,14,1980,1
1266,3.32,14.33,6,Montenegro,8.5,55,1968,3
1267,3.39,9.4,5,Italy,110.45,97,1987,5
1268,3.16,8.8,5,Italy,146.63,87,1999,5
1269,3.22,10.9,6,California,121.54,94,1967,5
1270,3.16,11.3,6,Kazahstan,48.24,96,1964,5
1271,3.36,10.1,5,Kazahstan,56.57,18,1967,1
1272,3.44,10.1,5,Kazahstan,60.37,13,2004,1
1273,3.07,11.7,6,Italy,112.47,14,1987,1
1274,3.22,10.0,7,Australia,142.52,65,2012,4
1275,4.0,13.6,6,Montenegro,395.58,36,2011,2
1276,3.39,10.6,6,Kazahstan,50.64,10,2002,1
1277,2.94,9.88,6,Italy,5.3,69,1980,4
1278,3.36,9.5,5,Montenegro,63.39,72,1987,4
1279,2.94,9.2,6,California,95.92,14,2005,1
1280,3.18,10.2,6,California,92.33,22,1992,2
1281,3.39,9.6,5,Kazahstan,63.11,19,1996,1
1282,3.35,9.8,6,Montenegro,128.05,98,1982,5
1283,3.31,11.8,7,France,77.11,79,1960,4
1284,3.5,10.9,3,Italy,85.52,11,1990,1
1285,3.99,12.65,8,California,851.46,52,2008,3
1286,3.34,10.6,7,Italy,254.18,89,2006,5
1287,3.21,12.1,7,France,58.04,76,1990,4
1288,3.3,10.2,5,Montenegro,71.08,68,2010,4
1289,3.16,9.8,6,Italy,120.39,63,2009,4
1290,3.24,9.7,7,Kazahstan,67.58,10,1988,1
1291,3.37,11.3,5,Montenegro,181.86,18,1965,1
1292,3.25,14.3,4,Montenegro,9.5,82,1988,5
1293,3.34,9.7,5,Italy,195.1,20,1977,1
1294,3.61,9.8,5,Kazahstan,68.18,96,1979,5
1295,3.21,9.4,6,Kazahstan,61.97,1,1976,1
1296,3.52,14.25,8,Montenegro,14.0,10,2004,1
1297,3.2,11.9,6,Italy,100.37,75,1965,4
1298,3.24,9.4,5,Italy,137.58,81,2004,5
1299,3.56,12.9,5,Argentina,103.44,12,1969,1
1300,3.34,9.5,6,California,122.68,15,1972,1
1301,3.86,14.34,8,Montenegro,6.0,12,1970,1
1302,3.06,11.4,6,Italy,188.92,30,1974,2
1303,3.33,10.3,6,Australia,57.24,77,2004,4
1304,3.12,14.39,8,Montenegro,22.5,60,1969,3
1305,3.35,14.5,4,Montenegro,7.2,60,2011,3
1306,3.35,9.2,5,Argentina,122.45,97,2001,5
1307,3.35,10.7,5,France,118.41,53,2011,3
1308,3.21,10.2,6,France,117.27,30,1965,2
1309,3.27,11.0,5,Kazahstan,64.35,42,2005,3
1310,3.53,9.9,5,Italy,132.51,85,1987,5
1311,3.15,10.5,6,Montenegro,175.89,17,2012,1
1312,3.37,9.6,6,Argentina,113.61,61,1961,4
1313,3.2,9.4,6,Argentina,79.35,81,2008,5
1314,3.22,10.0,6,Italy,53.4,29,2005,2
1315,3.52,9.5,6,Australia,126.66,79,1979,4
1316,3.31,9.5,6,France,158.01,33,1981,2
1317,3.35,10.2,7,Argentina,8.99,77,1997,4
1318,2.98,14.9,5,Argentina,85.63,57,1989,3
1319,3.13,9.1,6,Italy,45.52,48,1993,3
1320,3.44,10.7,5,France,109.67,17,2002,1
1321,3.42,10.6,5,Italy,102.87,69,1963,4
1322,3.68,14.76,8,Montenegro,8.6,80,1994,4
1323,2.76,14.5,8,Montenegro,12.5,13,1988,1
1324,3.1,10.5,5,Australia,64.53,36,1975,2
1325,3.23,12.5,6,Australia,64.78,6,2005,1
1326,3.36,11.4,6,California,164.36,48,1969,3
1327,3.75,10.5,4,Montenegro,11.27,11,2006,1
1328,3.19,9.2,5,Kazahstan,68.08,8,1968,1
1329,3.39,9.6,5,Montenegro,83.49,24,2003,2
1330,3.4,11.2,6,Montenegro,153.7,71,1972,4
1331,3.31,12.5,7,Italy,308.84,12,1967,1
1332,3.29,12.0,7,Kazahstan,57.14,91,1973,5
1333,3.36,14.66,6,Montenegro,5.4,58,1989,3
1334,3.41,11.3,6,Kazahstan,62.81,69,1968,4
1335,3.51,10.0,5,California,110.84,66,2013,4
1336,3.23,11.3,8,Italy,178.11,42,2011,3
1337,3.75,14.07,4,Montenegro,2.5,47,2007,3
1338,3.29,9.3,5,Montenegro,125.64,37,1971,2
1339,3.26,9.7,5,Australia,196.56,8,1985,1
1340,3.26,10.1,5,Kazahstan,41.46,47,1994,3
1341,3.16,11.8,6,Kazahstan,63.62,16,1980,1
1342,3.39,10.1,6,Italy,46.66,79,1966,4
1343,3.27,9.4,6,California,100.12,43,1981,3
1344,3.2,9.4,5,Australia,112.29,44,1984,3
1345,3.38,9.4,5,France,144.02,67,2007,4
1346,3.31,10.7,6,Italy,169.87,79,1990,4
1347,3.2,12.1,7,Australia,268.61,62,2010,4
1348,3.29,11.0,6,Australia,147.3,57,2000,3
1349,3.15,9.4,5,Argentina,145.22,25,1972,2
1350,3.47,10.4,6,Italy,108.42,38,1982,2
1351,3.46,11.8,6,Australia,115.9,28,1987,2
1352,3.42,11.7,7,California,71.93,26,1967,2
1353,3.07,11.7,6,France,189.26,95,2000,5
1354,3.25,9.4,5,Kazahstan,64.49,92,1993,5
1355,3.39,12.4,6,Italy,101.19,48,1987,3
1356,3.39,9.2,5,France,173.99,28,1960,2
1357,3.32,11.8,6,Kazahstan,60.47,17,1981,1
1358,3.4,10.2,3,Argentina,106.93,16,2006,1
1359,3.35,10.4,6,Argentina,158.58,88,1960,5
1360,3.47,10.9,6,Montenegro,110.34,84,2006,5
1361,3.24,11.2,7,France,187.25,30,2007,2
1362,3.3,10.0,7,Italy,328.78,66,1978,4
1363,3.36,12.2,6,Argentina,107.81,74,2011,4
1364,3.56,11.1,6,Australia,107.71,95,1982,5
1365,3.06,9.4,5,Argentina,148.69,82,1965,5
1366,2.89,14.02,6,Montenegro,10.0,71,2002,4
1367,3.91,14.11,7,Montenegro,23.5,54,1969,3
1368,3.41,9.4,5,California,131.51,84,1967,5
1369,3.51,10.7,6,France,168.5,99,1982,5
1370,3.26,10.6,7,Montenegro,113.66,92,1966,5
1371,3.3,12.7,6,Argentina,195.75,41,1989,3
1372,3.32,11.1,6,Italy,156.97,26,1960,2
1373,3.24,12.1,7,Australia,280.59,66,1980,4
1374,3.32,8.7,6,France,87.25,68,2014,4
1375,3.74,14.28,5,Montenegro,16.5,61,1985,4
1376,3.1,10.8,6,France,162.9,33,1967,2
1377,3.4,10.3,6,Montenegro,90.52,42,1981,3
1378,3.33,10.3,6,Montenegro,142.66,94,1974,5
1379,3.27,11.2,7,Montenegro,186.7,35,1995,2
1380,3.04,11.4,7,Argentina,66.21,4,1997,1
1381,3.31,9.55,5,Argentina,136.73,81,2008,5
1382,3.16,8.4,3,California,102.74,46,1994,3
1383,3.3,9.4,5,Italy,116.8,89,1966,5
1384,3.05,10.6,5,Italy,167.82,92,1973,5
1385,3.61,9.8,5,Australia,52.36,11,1990,1
1386,3.25,9.9,5,France,131.3,25,1966,2
1387,3.15,11.0,8,France,177.79,98,1990,5
1388,3.57,13.0,7,Argentina,208.35,44,2005,3
1389,3.39,9.4,6,Montenegro,115.27,99,2004,5
1390,3.04,9.2,6,Argentina,19.36,5,2013,1
1391,3.68,11.4,5,Kazahstan,47.34,67,1994,4
1392,2.85,14.85,3,Montenegro,16.0,92,1965,5
1393,3.05,9.5,6,California,111.41,37,2004,2
1394,3.41,14.7,5,Montenegro,9.7,13,1960,1
1395,3.33,9.5,5,France,125.78,53,1979,3
1396,3.61,11.4,5,Argentina,118.46,62,1977,4
1397,3.71,14.38,5,Montenegro,6.3,23,1981,2
1398,3.31,9.6,6,California,19.89,59,1984,3
1399,3.4,10.9,4,Italy,12.89,97,1989,5
1400,3.61,10.0,6,Montenegro,11.37,59,1969,3
1401,3.24,9.3,5,Kazahstan,63.53,56,1993,3
1402,3.34,9.4,5,France,120.58,42,1970,3
1403,3.33,10.3,4,California,21.48,2,1984,1
1404,3.17,9.5,6,Kazahstan,62.62,36,2003,2
1405,3.47,9.5,6,Italy,120.73,55,1971,3
1406,3.22,14.4,6,Montenegro,5.5,42,1978,3
1407,3.31,9.7,5,Kazahstan,54.39,75,1993,4
1408,3.12,9.9,5,Argentina,57.21,35,1975,2
1409,3.52,9.5,6,France,138.45,11,2013,1
1410,3.6,11.2,6,Italy,106.0,35,2008,2
1411,3.17,9.8,6,France,166.39,98,2004,5
1412,3.35,10.6,6,Montenegro,165.58,3,1981,1
1413,3.4,9.6,6,Argentina,180.86,92,1988,5
1414,3.34,12.9,7,Italy,353.6,58,1968,3
1415,3.31,11.0,5,France,64.64,17,2000,1
1416,2.8,14.25,4,Montenegro,8.8,84,2010,5
1417,3.46,10.2,5,France,131.79,96,1969,5
1418,3.53,10.8,6,Montenegro,174.13,13,1994,1
1419,3.46,10.2,5,Italy,109.94,48,2010,3
1420,3.28,9.7,5,Kazahstan,55.76,70,1991,4
1421,3.47,11.0,5,France,72.58,44,1980,3
1422,3.51,9.7,5,California,38.6,58,1997,3
1423,3.28,12.4,6,Montenegro,172.83,66,1988,4
1424,3.52,9.6,6,Argentina,101.56,93,1976,5
1425,3.35,10.1,5,California,177.61,96,2005,5
1426,3.49,11.6,5,Kazahstan,48.26,87,1969,5
1427,3.33,11.3,5,Kazahstan,64.06,33,2014,2
1428,3.02,9.2,5,California,197.1,15,1979,1
1429,3.28,9.5,5,Montenegro,155.96,53,1972,3
1430,3.33,10.5,6,France,122.37,0,2010,Other
1431,3.54,11.0,6,Italy,196.02,21,2001,2
1432,3.92,14.38,6,Montenegro,6.0,51,1975,3
1433,3.14,11.3,7,Australia,270.0,43,1996,3
1434,4.0,13.29,6,California,622.76,40,2000,2
1435,3.09,10.9,6,France,126.98,22,2001,2
1436,3.21,9.5,5,Montenegro,105.33,67,2012,4
1437,3.2,9.5,5,Montenegro,187.17,53,2005,3
1438,3.31,9.5,6,France,79.46,3,1979,1
1439,3.42,9.2,5,France,149.55,43,1979,3
1440,3.36,10.7,5,California,105.11,42,1970,3
1441,3.14,9.9,6,Kazahstan,72.25,0,1986,Other
1442,3.29,10.2,6,Australia,50.46,97,1988,5
1443,3.23,11.6,7,Argentina,171.97,81,2012,5
1444,3.41,9.0,5,California,121.15,44,1998,3
1445,3.22,10.0,5,France,165.14,65,1987,4
1446,3.56,10.8,5,Kazahstan,54.66,64,1985,4
1447,3.16,9.8,6,Italy,141.72,13,2004,1
1448,3.33,11.9,6,Italy,100.7,61,2004,4
1449,3.2,12.0,7,Australia,282.16,58,2014,3
1450,3.27,9.3,5,Italy,96.12,15,1974,1
1451,3.48,9.2,5,California,188.29,7,2003,1
1452,3.1,11.4,6,Italy,144.24,98,1985,5
1453,3.32,14.0,6,California,159.49,7,1976,1
1454,3.44,11.3,6,Montenegro,87.51,87,2009,5
1455,3.57,9.8,6,Australia,64.04,87,1967,5
1456,3.11,10.0,5,California,141.88,58,1962,3
1457,3.68,14.66,5,Montenegro,7.3,77,1990,4
1458,3.29,11.2,6,Argentina,152.94,79,2008,4
1459,3.6,11.1,6,Montenegro,140.04,36,1965,2
1460,3.34,14.89,7,Montenegro,11.48,8,2007,1
1461,3.3,10.75,6,Kazahstan,66.29,35,1962,2
1462,3.26,9.6,5,Montenegro,194.95,74,1999,4
1463,3.91,10.91,7,France,528.2,89,1965,5
1464,3.48,9.7,5,Montenegro,98.52,50,2006,3
1465,3.4,10.9,7,Italy,372.03,75,1999,4
1466,3.16,9.4,5,Kazahstan,72.22,64,1968,4
1467,3.21,9.4,6,Argentina,191.85,27,2004,2
1468,3.39,11.0,6,California,140.11,95,1984,5
1469,3.3,11.5,6,Montenegro,82.53,22,1991,2
1470,3.28,12.5,6,California,99.91,65,1991,4
1471,3.49,11.4,6,France,58.72,78,1980,4
1472,3.45,10.3,5,Montenegro,119.97,90,1982,5
1473,3.27,12.2,7,Argentina,73.96,7,1966,1
1474,3.09,9.1,6,Argentina,162.19,2,1970,1
1475,3.18,14.1,4,Montenegro,2.0,94,2004,5
1476,3.78,12.3,7,California,108.14,34,1984,2
1477,3.2,10.5,6,California,141.22,87,1973,5
1478,3.26,11.7,7,Australia,224.83,62,2012,4
1479,3.23,9.5,5,Kazahstan,66.59,84,1974,5
1480,3.44,10.9,6,California,116.21,44,2006,3
1481,3.32,9.3,5,Kazahstan,69.85,75,2009,4
1482,3.45,10.5,5,Argentina,128.45,93,2007,5
1483,3.44,9.4,5,Australia,179.36,7,2005,1
1484,3.66,9.8,5,Kazahstan,52.58,73,1989,4
1485,3.31,10.6,6,California,184.86,87,1962,5
1486,3.85,14.55,7,Montenegro,7.9,48,2012,3
1487,3.11,12.4,6,Montenegro,110.53,79,2011,4
1488,3.31,11.2,7,Italy,277.85,28,2002,2
1489,3.37,9.9,5,France,161.26,70,2003,4
1490,3.2,9.2,5,France,116.64,44,1964,3
1491,3.58,14.66,8,Montenegro,7.0,72,1974,4
1492,3.57,11.9,5,Kazahstan,74.69,57,1962,3
1493,3.3,11.4,6,France,96.51,18,1963,1
1494,3.26,9.5,5,Argentina,155.13,66,1991,4
